{"resourceType":"ImplementationGuide","id":"careconnect-api-r4","text":{"status":"generated","div":"<div xmlns=\"http://www.w3.org/1999/xhtml\"><h2>Care Connect API</h2><p>The official URL for this implementation guide is: </p><pre>https://project-wildfyre.github.io/careconnect-api-r4/ImplementationGuide/careconnect-api-r4</pre><div><p>Demonstration of Care Connect R4 Implementation Guide to support API Management</p>\n</div></div>"},"url":"https://project-wildfyre.github.io/careconnect-api-r4/ImplementationGuide/careconnect-api-r4","version":"4.0.0","name":"Care Connect API","title":"Care Connect API","status":"draft","experimental":false,"date":"2020-05-04T10:16:19+01:00","publisher":"mayfield-is.co.uk","contact":[{"telecom":[{"system":"email","value":"kevin.mayfield@mayfield-is.co.uk"}]}],"description":"Demonstration of Care Connect R4 Implementation Guide to support API Management","jurisdiction":[{"coding":[{"system":"http://unstats.un.org/unsd/methods/m49/m49.htm","code":"826"}]}],"packageId":"careconnect.api.r4","license":"CC0-1.0","fhirVersion":["4.0.1"],"dependsOn":[{"uri":"https://project-wildfyre.github.io/uk-testcore-r4/ImplementationGuide/uk.testcore.r4","packageId":"uk.testcore.r4","version":"dev"}],"definition":{"extension":[{"extension":[{"url":"code","valueString":"copyrightyear"},{"url":"value","valueString":"2020+"}],"url":"http://hl7.org/fhir/tools/StructureDefinition/ig-parameter"},{"extension":[{"url":"code","valueString":"releaselabel"},{"url":"value","valueString":"CI Build"}],"url":"http://hl7.org/fhir/tools/StructureDefinition/ig-parameter"},{"extension":[{"url":"code","valueString":"autoload-resources"},{"url":"value","valueString":"true"}],"url":"http://hl7.org/fhir/tools/StructureDefinition/ig-parameter"},{"extension":[{"url":"code","valueString":"path-liquid"},{"url":"value","valueString":"template/liquid"}],"url":"http://hl7.org/fhir/tools/StructureDefinition/ig-parameter"},{"extension":[{"url":"code","valueString":"path-liquid"},{"url":"value","valueString":"input/liquid"}],"url":"http://hl7.org/fhir/tools/StructureDefinition/ig-parameter"},{"extension":[{"url":"code","valueString":"path-qa"},{"url":"value","valueString":"temp/qa"}],"url":"http://hl7.org/fhir/tools/StructureDefinition/ig-parameter"},{"extension":[{"url":"code","valueString":"path-temp"},{"url":"value","valueString":"temp/pages"}],"url":"http://hl7.org/fhir/tools/StructureDefinition/ig-parameter"},{"extension":[{"url":"code","valueString":"path-output"},{"url":"value","valueString":"output"}],"url":"http://hl7.org/fhir/tools/StructureDefinition/ig-parameter"},{"extension":[{"url":"code","valueString":"path-suppressed-warnings"},{"url":"value","valueString":"input/ignoreWarnings.txt"}],"url":"http://hl7.org/fhir/tools/StructureDefinition/ig-parameter"},{"extension":[{"url":"code","valueString":"path-history"},{"url":"value","valueString":"https://project-wildfyre.github.io/careconnect-api-r4/history.html"}],"url":"http://hl7.org/fhir/tools/StructureDefinition/ig-parameter"},{"extension":[{"url":"code","valueString":"template-html"},{"url":"value","valueString":"template-page.html"}],"url":"http://hl7.org/fhir/tools/StructureDefinition/ig-parameter"},{"extension":[{"url":"code","valueString":"template-md"},{"url":"value","valueString":"template-page-md.html"}],"url":"http://hl7.org/fhir/tools/StructureDefinition/ig-parameter"},{"extension":[{"url":"code","valueString":"apply-contact"},{"url":"value","valueString":"true"}],"url":"http://hl7.org/fhir/tools/StructureDefinition/ig-parameter"},{"extension":[{"url":"code","valueString":"apply-context"},{"url":"value","valueString":"true"}],"url":"http://hl7.org/fhir/tools/StructureDefinition/ig-parameter"},{"extension":[{"url":"code","valueString":"apply-copyright"},{"url":"value","valueString":"true"}],"url":"http://hl7.org/fhir/tools/StructureDefinition/ig-parameter"},{"extension":[{"url":"code","valueString":"apply-jurisdiction"},{"url":"value","valueString":"true"}],"url":"http://hl7.org/fhir/tools/StructureDefinition/ig-parameter"},{"extension":[{"url":"code","valueString":"apply-license"},{"url":"value","valueString":"true"}],"url":"http://hl7.org/fhir/tools/StructureDefinition/ig-parameter"},{"extension":[{"url":"code","valueString":"apply-publisher"},{"url":"value","valueString":"true"}],"url":"http://hl7.org/fhir/tools/StructureDefinition/ig-parameter"},{"extension":[{"url":"code","valueString":"apply-version"},{"url":"value","valueString":"true"}],"url":"http://hl7.org/fhir/tools/StructureDefinition/ig-parameter"},{"extension":[{"url":"code","valueString":"active-tables"},{"url":"value","valueString":"true"}],"url":"http://hl7.org/fhir/tools/StructureDefinition/ig-parameter"}],"grouping":[{"id":"_dyn_capabilitystatement","name":"Behavior: Capability Statements","description":"The following artifacts define the specific capabilities that different types of systems are expected to have in order to comply with this implementation guide.  Systems complying with the implementation guide are expected to declare conformance to one or more of the following capability statements."}],"resource":[{"extension":[{"url":"http://hl7.org/fhir/StructureDefinition/implementationguide-page","valueUri":"CapabilityStatement-appointment.html"}],"reference":{"reference":"CapabilityStatement/appointment"},"name":"Appointment API","description":"Appointment API Conformance","groupingId":"_dyn_capabilitystatement"},{"extension":[{"url":"http://hl7.org/fhir/StructureDefinition/implementationguide-page","valueUri":"CapabilityStatement-clinical.html"}],"reference":{"reference":"CapabilityStatement/clinical"},"name":"Clinical API","description":"Clinical API Conformance","groupingId":"_dyn_capabilitystatement"},{"extension":[{"url":"http://hl7.org/fhir/StructureDefinition/implementationguide-page","valueUri":"CapabilityStatement-diagnostics.html"}],"reference":{"reference":"CapabilityStatement/diagnostics"},"name":"Diagnostic API","description":"Diagnostic API Conformance","groupingId":"_dyn_capabilitystatement"},{"extension":[{"url":"http://hl7.org/fhir/StructureDefinition/implementationguide-page","valueUri":"CapabilityStatement-document.html"}],"reference":{"reference":"CapabilityStatement/document"},"name":"Document API","description":"Document API Conformance","groupingId":"_dyn_capabilitystatement"},{"extension":[{"url":"http://hl7.org/fhir/StructureDefinition/implementationguide-page","valueUri":"CapabilityStatement-foundation.html"}],"reference":{"reference":"CapabilityStatement/foundation"},"name":"Foundation API","description":"Foundation API Conformance","groupingId":"_dyn_capabilitystatement"},{"extension":[{"url":"http://hl7.org/fhir/StructureDefinition/implementationguide-page","valueUri":"CapabilityStatement-medication.html"}],"reference":{"reference":"CapabilityStatement/medication"},"name":"Medication API","description":"Medication API Conformance","groupingId":"_dyn_capabilitystatement"},{"extension":[{"url":"http://hl7.org/fhir/StructureDefinition/implementationguide-page","valueUri":"CapabilityStatement-messaging.html"}],"reference":{"reference":"CapabilityStatement/messaging"},"name":"Messaging API","description":"Messaging API Conformance.","groupingId":"_dyn_capabilitystatement"},{"extension":[{"url":"http://hl7.org/fhir/StructureDefinition/implementationguide-page","valueUri":"CapabilityStatement-workflow.html"}],"reference":{"reference":"CapabilityStatement/workflow"},"name":"Workflow API","description":"Workflow API Conformance","groupingId":"_dyn_capabilitystatement"},{"extension":[{"url":"http://hl7.org/fhir/StructureDefinition/implementationguide-page","valueUri":"CapabilityStatement-pds.html"}],"reference":{"reference":"CapabilityStatement/pds"},"name":"PDS API","description":"PDS API","groupingId":"_dyn_capabilitystatement"}],"page":{"nameUrl":"toc.html","title":"Table of Contents","generation":"html","page":[{"nameUrl":"index.html","title":"Care Connect API R4","generation":"markdown"},{"nameUrl":"encounter.html","title":"Encounter","generation":"markdown"},{"nameUrl":"patient.html","title":"Patient","generation":"markdown"},{"nameUrl":"observation.html","title":"Observation","generation":"markdown"},{"nameUrl":"organisation.html","title":"Organisation","generation":"markdown"},{"nameUrl":"swagger-pds.html","title":"OpenAPI PDS","generation":"html"},{"nameUrl":"swagger-foundation.html","title":"OpenAPI Foundation","generation":"html"},{"nameUrl":"swagger-document.html","title":"OpenAPI Document","generation":"html"},{"nameUrl":"swagger-appointment.html","title":"OpenAPI Appointment","generation":"html"},{"nameUrl":"searchparameters.html","title":"Search Paramters","generation":"markdown"},{"nameUrl":"artifacts.html","title":"Artifacts Summary","generation":"html","page":[{"nameUrl":"CapabilityStatement-appointment.html","title":"Appointment API","generation":"generated"},{"nameUrl":"CapabilityStatement-clinical.html","title":"Clinical API","generation":"generated"},{"nameUrl":"CapabilityStatement-diagnostics.html","title":"Diagnostic API","generation":"generated"},{"nameUrl":"CapabilityStatement-document.html","title":"Document API","generation":"generated"},{"nameUrl":"CapabilityStatement-foundation.html","title":"Foundation API","generation":"generated"},{"nameUrl":"CapabilityStatement-medication.html","title":"Medication API","generation":"generated"},{"nameUrl":"CapabilityStatement-messaging.html","title":"Messaging API","generation":"generated"},{"nameUrl":"CapabilityStatement-workflow.html","title":"Workflow API","generation":"generated"},{"nameUrl":"CapabilityStatement-pds.html","title":"PDS API","generation":"generated"}]}]},"parameter":[{"code":"path-resource","value":"input/capabilities"},{"code":"path-resource","value":"input/examples"},{"code":"path-resource","value":"input/extensions"},{"code":"path-resource","value":"input/models"},{"code":"path-resource","value":"input/operations"},{"code":"path-resource","value":"input/profiles"},{"code":"path-resource","value":"input/resources"},{"code":"path-resource","value":"input/vocabulary"},{"code":"path-resource","value":"input/maps"},{"code":"path-resource","value":"input/testing"},{"code":"path-pages","value":"template/config"},{"code":"path-pages","value":"input/images"},{"code":"path-tx-cache","value":"input-cache/txcache"}]}}