{"resourceType":"MessageDefinition","id":"order-medication-request","url":"https://project-wildfyre.github.io/careconnect-api-r4/MessageDefinition/order-medication-request","identifier":[{"system":"https://tools.ietf.org/html/rfc4122","value":"c81b88dc-760e-4b1e-9cdb-c5f853630664"}],"version":"4.0.0","title":"Patient Discharge Notification","status":"active","date":"2019-08-22T12:49:51+01:00","publisher":"mayfield-is.co.uk","contact":[{"telecom":[{"system":"email","value":"kevin.mayfield@mayfield-is.co.uk"}]}],"jurisdiction":[{"coding":[{"system":"http://unstats.un.org/unsd/methods/m49/m49.htm","code":"826"}]}],"copyright":"Copyright © 2020 Project Wildfyre","eventCoding":{"system":"https://project-wildfyre.github.io/careconnect-api-r4/CodeSystem/message-events","code":"order-medication-request","display":"Order Medication Request"},"category":"notification","focus":[{"code":"MedicationRequest","profile":"https://fhir.nhs.uk/R4/StructureDefinition/UKCore-MedicationRequest","min":1,"max":"1"},{"code":"Provenance","min":1,"max":"1"}]}