{"resourceType":"MessageDefinition","id":"notification-discharge","url":"https://project-wildfyre.github.io/careconnect-api-r4/MessageDefinition/notification-discharge","identifier":[{"system":"https://tools.ietf.org/html/rfc4122","value":"c81b88dc-760e-4b1e-9cdb-c5f853630664"}],"version":"4.0.0","title":"Patient Discharge Notification","status":"active","date":"2019-08-22T12:49:51+01:00","publisher":"mayfield-is.co.uk","contact":[{"telecom":[{"system":"email","value":"kevin.mayfield@mayfield-is.co.uk"}]}],"jurisdiction":[{"coding":[{"system":"http://unstats.un.org/unsd/methods/m49/m49.htm","code":"826"}]}],"eventCoding":{"system":"https://project-wildfyre.github.io/careconnect-api-r4/CodeSystem/message-events","code":"notification-discharge","display":"Notification Discharge"},"category":"notification","focus":[{"code":"Encounter","profile":"https://fhir.nhs.uk/R4/StructureDefinition/UKCore-Encounter","min":1,"max":"1"},{"code":"Patient","profile":"https://fhir.nhs.uk/R4/StructureDefinition/UKCore-Patient","min":1,"max":"1"}]}