{"resourceType":"SearchParameter","id":"careconnect-patient-gender","url":"https://project-wildfyre.github.io/careconnect-api-r4/SearchParameter/careconnect-patient-gender","version":"4.0.0","name":"CareConnectPatientGender","derivedFrom":"http://hl7.org/fhir/SearchParameter/individual-gender","status":"draft","experimental":false,"date":"2019-09-23T10:48:45+01:00","publisher":"mayfield-is.co.uk","contact":[{"telecom":[{"system":"email","value":"kevin.mayfield@mayfield-is.co.uk"}]}],"description":"Gender of the patient","jurisdiction":[{"coding":[{"system":"http://unstats.un.org/unsd/methods/m49/m49.htm","code":"826"}]}],"code":"gender","base":["Patient"],"type":"token","expression":"Patient.gender","xpath":"f:Patient/f:gender","xpathUsage":"normal"}