<?xml version="1.0" encoding="UTF-8"?><CapabilityStatement xmlns="http://hl7.org/fhir"><id value="messaging"/><text><status value="generated"/><div xmlns="http://www.w3.org/1999/xhtml"><h2>Messaging support Capability Statement</h2><div><p>Conformance requirements for Message endpoint</p>
</div><table><tr><td>Mode</td><td>SERVER</td></tr><tr><td>Description</td><td/></tr><tr><td>Transaction</td><td></td></tr><tr><td>System History</td><td></td></tr><tr><td>System Search</td><td></td></tr></table><table><tr><th><b>Resource Type</b></th><th><b>Profile</b></th><th><b title="GET a resource (read interaction)">Read</b></th><th><b title="GET all set of resources of the type (search interaction)">Search</b></th><th><b title="PUT a new resource version (update interaction)">Update</b></th><th><b title="POST a new resource (create interaction)">Create</b></th></tr></table></div></text><url value="https://project-wildfyre.github.io/careconnect-api-r4/CapabilityStatement/messaging"/><version value="4.0.0"/><name value="Messaging support Capability Statement"/><status value="active"/><date value="2020-05-14T12:17:22+01:00"/><publisher value="mayfield-is.co.uk"/><contact><telecom><system value="email"/><value value="kevin.mayfield@mayfield-is.co.uk"/></telecom></contact><description value="Conformance requirements for Message endpoint"/><jurisdiction><coding><system value="http://unstats.un.org/unsd/methods/m49/m49.htm"/><code value="826"/></coding></jurisdiction><kind value="requirements"/><fhirVersion value="4.0.1"/><format value="application/fhir+json"/><format value="application/fhir+xml"/><rest><mode value="server"/><security><service><coding><system value="http://terminology.hl7.org/CodeSystem/restful-security-service"/><code value="OAuth"/><display value="OAuth2 Token"/></coding></service></security><operation><name value="validate"/><definition value="http://hl7.org/fhir/OperationDefinition/Resource-validate"/></operation><operation><name value="process-message"/><definition value="http://hl7.org/fhir/OperationDefinition/MessageHeader-process-message"/></operation></rest><messaging><supportedMessage><mode value="receiver"/><definition value="https://project-wildfyre.github.io/careconnect-api-r4/MessageDefinition/notification-admit"/></supportedMessage><supportedMessage><mode value="receiver"/><definition value="https://project-wildfyre.github.io/careconnect-api-r4/MessageDefinition/notification-discharge"/></supportedMessage></messaging></CapabilityStatement>