<?xml version="1.0" encoding="UTF-8"?><MessageDefinition xmlns="http://hl7.org/fhir"><id value="order-medication-request"/><url value="https://project-wildfyre.github.io/careconnect-api-r4/MessageDefinition/order-medication-request"/><identifier><system value="https://tools.ietf.org/html/rfc4122"/><value value="c81b88dc-760e-4b1e-9cdb-c5f853630664"/></identifier><version value="4.0.0"/><title value="Patient Discharge Notification"/><status value="active"/><date value="2019-08-22T12:49:51+01:00"/><publisher value="mayfield-is.co.uk"/><contact><telecom><system value="email"/><value value="kevin.mayfield@mayfield-is.co.uk"/></telecom></contact><jurisdiction><coding><system value="http://unstats.un.org/unsd/methods/m49/m49.htm"/><code value="826"/></coding></jurisdiction><copyright value="Copyright &#xA9; 2020 Project Wildfyre"/><eventCoding><system value="https://project-wildfyre.github.io/careconnect-api-r4/CodeSystem/message-events"/><code value="order-medication-request"/><display value="Order Medication Request"/></eventCoding><category value="notification"/><focus><code value="MedicationRequest"/><profile value="https://fhir.nhs.uk/R4/StructureDefinition/UKCore-MedicationRequest"/><min value="1"/><max value="1"/></focus><focus><code value="Provenance"/><min value="1"/><max value="1"/></focus></MessageDefinition>