<?xml version="1.0" encoding="UTF-8"?>

<ImplementationGuide xmlns="http://hl7.org/fhir">
  <id value="careconnect-api-r4"/>
  <text>
    <status value="generated"/><div xmlns="http://www.w3.org/1999/xhtml"><h2>Care Connect API</h2><p>The official URL for this implementation guide is: </p><pre>https://project-wildfyre.github.io/careconnect-api-r4/ImplementationGuide/careconnect-api-r4</pre><div><p>Demonstration of Care Connect R4 Implementation Guide to support API Management</p>
</div></div>
  </text>
  <url value="https://project-wildfyre.github.io/careconnect-api-r4/ImplementationGuide/careconnect-api-r4"/>
  <version value="4.0.0"/>
  <name value="Care Connect API"/>
  <title value="Care Connect API"/>
  <status value="draft"/>
  <experimental value="false"/>
  <date value="2020-05-04T09:07:59+01:00"/>
  <publisher value="mayfield-is.co.uk"/>
  <contact>
    <telecom>
      <system value="email"/>
      <value value="kevin.mayfield@mayfield-is.co.uk"/>
    </telecom>
  </contact>
  <description value="Demonstration of Care Connect R4 Implementation Guide to support API Management"/>
  <jurisdiction>
    <coding>
      <system value="http://unstats.un.org/unsd/methods/m49/m49.htm"/>
      <code value="826"/>
    </coding>
  </jurisdiction>
  <packageId value="careconnect.api.r4"/>
  <license value="CC0-1.0"/>
  <fhirVersion value="4.0.1"/>
  <dependsOn>
    <uri value="https://project-wildfyre.github.io/uk-testcore-r4/ImplementationGuide/uk.testcore.r4"/>
    <packageId value="uk.testcore.r4"/>
    <version value="dev"/>
  </dependsOn>
  <definition>
    <extension url="http://hl7.org/fhir/tools/StructureDefinition/ig-parameter">
      <extension url="code">
        <valueString value="copyrightyear"/>
      </extension>
      <extension url="value">
        <valueString value="2020+"/>
      </extension>
    </extension>
    <extension url="http://hl7.org/fhir/tools/StructureDefinition/ig-parameter">
      <extension url="code">
        <valueString value="releaselabel"/>
      </extension>
      <extension url="value">
        <valueString value="CI Build"/>
      </extension>
    </extension>
    <extension url="http://hl7.org/fhir/tools/StructureDefinition/ig-parameter">
      <extension url="code">
        <valueString value="autoload-resources"/>
      </extension>
      <extension url="value">
        <valueString value="true"/>
      </extension>
    </extension>
    <extension url="http://hl7.org/fhir/tools/StructureDefinition/ig-parameter">
      <extension url="code">
        <valueString value="path-liquid"/>
      </extension>
      <extension url="value">
        <valueString value="template/liquid"/>
      </extension>
    </extension>
    <extension url="http://hl7.org/fhir/tools/StructureDefinition/ig-parameter">
      <extension url="code">
        <valueString value="path-liquid"/>
      </extension>
      <extension url="value">
        <valueString value="input/liquid"/>
      </extension>
    </extension>
    <extension url="http://hl7.org/fhir/tools/StructureDefinition/ig-parameter">
      <extension url="code">
        <valueString value="path-qa"/>
      </extension>
      <extension url="value">
        <valueString value="temp/qa"/>
      </extension>
    </extension>
    <extension url="http://hl7.org/fhir/tools/StructureDefinition/ig-parameter">
      <extension url="code">
        <valueString value="path-temp"/>
      </extension>
      <extension url="value">
        <valueString value="temp/pages"/>
      </extension>
    </extension>
    <extension url="http://hl7.org/fhir/tools/StructureDefinition/ig-parameter">
      <extension url="code">
        <valueString value="path-output"/>
      </extension>
      <extension url="value">
        <valueString value="output"/>
      </extension>
    </extension>
    <extension url="http://hl7.org/fhir/tools/StructureDefinition/ig-parameter">
      <extension url="code">
        <valueString value="path-suppressed-warnings"/>
      </extension>
      <extension url="value">
        <valueString value="input/ignoreWarnings.txt"/>
      </extension>
    </extension>
    <extension url="http://hl7.org/fhir/tools/StructureDefinition/ig-parameter">
      <extension url="code">
        <valueString value="path-history"/>
      </extension>
      <extension url="value">
        <valueString value="https://project-wildfyre.github.io/careconnect-api-r4/history.html"/>
      </extension>
    </extension>
    <extension url="http://hl7.org/fhir/tools/StructureDefinition/ig-parameter">
      <extension url="code">
        <valueString value="template-html"/>
      </extension>
      <extension url="value">
        <valueString value="template-page.html"/>
      </extension>
    </extension>
    <extension url="http://hl7.org/fhir/tools/StructureDefinition/ig-parameter">
      <extension url="code">
        <valueString value="template-md"/>
      </extension>
      <extension url="value">
        <valueString value="template-page-md.html"/>
      </extension>
    </extension>
    <extension url="http://hl7.org/fhir/tools/StructureDefinition/ig-parameter">
      <extension url="code">
        <valueString value="apply-contact"/>
      </extension>
      <extension url="value">
        <valueString value="true"/>
      </extension>
    </extension>
    <extension url="http://hl7.org/fhir/tools/StructureDefinition/ig-parameter">
      <extension url="code">
        <valueString value="apply-context"/>
      </extension>
      <extension url="value">
        <valueString value="true"/>
      </extension>
    </extension>
    <extension url="http://hl7.org/fhir/tools/StructureDefinition/ig-parameter">
      <extension url="code">
        <valueString value="apply-copyright"/>
      </extension>
      <extension url="value">
        <valueString value="true"/>
      </extension>
    </extension>
    <extension url="http://hl7.org/fhir/tools/StructureDefinition/ig-parameter">
      <extension url="code">
        <valueString value="apply-jurisdiction"/>
      </extension>
      <extension url="value">
        <valueString value="true"/>
      </extension>
    </extension>
    <extension url="http://hl7.org/fhir/tools/StructureDefinition/ig-parameter">
      <extension url="code">
        <valueString value="apply-license"/>
      </extension>
      <extension url="value">
        <valueString value="true"/>
      </extension>
    </extension>
    <extension url="http://hl7.org/fhir/tools/StructureDefinition/ig-parameter">
      <extension url="code">
        <valueString value="apply-publisher"/>
      </extension>
      <extension url="value">
        <valueString value="true"/>
      </extension>
    </extension>
    <extension url="http://hl7.org/fhir/tools/StructureDefinition/ig-parameter">
      <extension url="code">
        <valueString value="apply-version"/>
      </extension>
      <extension url="value">
        <valueString value="true"/>
      </extension>
    </extension>
    <extension url="http://hl7.org/fhir/tools/StructureDefinition/ig-parameter">
      <extension url="code">
        <valueString value="active-tables"/>
      </extension>
      <extension url="value">
        <valueString value="true"/>
      </extension>
    </extension>
    <resource>
      <extension url="http://hl7.org/fhir/tools/StructureDefinition/resource-information">
        <valueString value="CapabilityStatement"/>
      </extension>
      <extension url="http://hl7.org/fhir/StructureDefinition/implementationguide-page">
        <valueUri value="CapabilityStatement-appointment.html"/>
      </extension>
      <reference>
        <reference value="CapabilityStatement/appointment"/>
      </reference>
      <name value="Appointment API"/>
      <description value="Appointment API Conformance"/>
    </resource>
    <resource>
      <extension url="http://hl7.org/fhir/tools/StructureDefinition/resource-information">
        <valueString value="CapabilityStatement"/>
      </extension>
      <extension url="http://hl7.org/fhir/StructureDefinition/implementationguide-page">
        <valueUri value="CapabilityStatement-clinical.html"/>
      </extension>
      <reference>
        <reference value="CapabilityStatement/clinical"/>
      </reference>
      <name value="Clinical API"/>
      <description value="Clinical API Conformance"/>
    </resource>
    <resource>
      <extension url="http://hl7.org/fhir/tools/StructureDefinition/resource-information">
        <valueString value="CapabilityStatement"/>
      </extension>
      <extension url="http://hl7.org/fhir/StructureDefinition/implementationguide-page">
        <valueUri value="CapabilityStatement-diagnostics.html"/>
      </extension>
      <reference>
        <reference value="CapabilityStatement/diagnostics"/>
      </reference>
      <name value="Diagnostic API"/>
      <description value="Diagnostic API Conformance"/>
    </resource>
    <resource>
      <extension url="http://hl7.org/fhir/tools/StructureDefinition/resource-information">
        <valueString value="CapabilityStatement"/>
      </extension>
      <extension url="http://hl7.org/fhir/StructureDefinition/implementationguide-page">
        <valueUri value="CapabilityStatement-document.html"/>
      </extension>
      <reference>
        <reference value="CapabilityStatement/document"/>
      </reference>
      <name value="Document API"/>
      <description value="Document API Conformance"/>
    </resource>
    <resource>
      <extension url="http://hl7.org/fhir/tools/StructureDefinition/resource-information">
        <valueString value="CapabilityStatement"/>
      </extension>
      <extension url="http://hl7.org/fhir/StructureDefinition/implementationguide-page">
        <valueUri value="CapabilityStatement-foundation.html"/>
      </extension>
      <reference>
        <reference value="CapabilityStatement/foundation"/>
      </reference>
      <name value="Foundation API"/>
      <description value="Foundation API Conformance"/>
    </resource>
    <resource>
      <extension url="http://hl7.org/fhir/tools/StructureDefinition/resource-information">
        <valueString value="CapabilityStatement"/>
      </extension>
      <extension url="http://hl7.org/fhir/StructureDefinition/implementationguide-page">
        <valueUri value="CapabilityStatement-medication.html"/>
      </extension>
      <reference>
        <reference value="CapabilityStatement/medication"/>
      </reference>
      <name value="Medication API"/>
      <description value="Medication API Conformance"/>
    </resource>
    <resource>
      <extension url="http://hl7.org/fhir/tools/StructureDefinition/resource-information">
        <valueString value="CapabilityStatement"/>
      </extension>
      <extension url="http://hl7.org/fhir/StructureDefinition/implementationguide-page">
        <valueUri value="CapabilityStatement-messaging.html"/>
      </extension>
      <reference>
        <reference value="CapabilityStatement/messaging"/>
      </reference>
      <name value="Messaging API"/>
      <description value="Messaging API Conformance."/>
    </resource>
    <resource>
      <extension url="http://hl7.org/fhir/tools/StructureDefinition/resource-information">
        <valueString value="CapabilityStatement"/>
      </extension>
      <extension url="http://hl7.org/fhir/StructureDefinition/implementationguide-page">
        <valueUri value="CapabilityStatement-workflow.html"/>
      </extension>
      <reference>
        <reference value="CapabilityStatement/workflow"/>
      </reference>
      <name value="Workflow API"/>
      <description value="Workflow API Conformance"/>
    </resource>
    <resource>
      <extension url="http://hl7.org/fhir/tools/StructureDefinition/resource-information">
        <valueString value="CapabilityStatement"/>
      </extension>
      <extension url="http://hl7.org/fhir/StructureDefinition/implementationguide-page">
        <valueUri value="CapabilityStatement-PDSAPI.html"/>
      </extension>
      <reference>
        <reference value="CapabilityStatement/PDSAPI"/>
      </reference>
      <name value="PDS API"/>
      <description value="PDS API"/>
    </resource>
    <page>
      <nameUrl value="toc.html"/>
      <title value="Table of Contents"/>
      <generation value="html"/>
      <page>
        <nameUrl value="index.html"/>
        <title value="Care Connect API R4"/>
        <generation value="markdown"/>
      </page>
      <page>
        <nameUrl value="encounter.html"/>
        <title value="Encounter"/>
        <generation value="markdown"/>
      </page>
      <page>
        <nameUrl value="patient.html"/>
        <title value="Patient"/>
        <generation value="markdown"/>
      </page>
      <page>
        <nameUrl value="observation.html"/>
        <title value="Observation"/>
        <generation value="markdown"/>
      </page>
      <page>
        <nameUrl value="organisation.html"/>
        <title value="Organisation"/>
        <generation value="markdown"/>
      </page>
      <page>
        <nameUrl value="swagger-pds.html"/>
        <title value="OpenAPI PDS"/>
        <generation value="html"/>
      </page>
      <page>
        <nameUrl value="swagger-foundation.html"/>
        <title value="OpenAPI Foundation"/>
        <generation value="html"/>
      </page>
      <page>
        <nameUrl value="swagger-document.html"/>
        <title value="OpenAPI Document"/>
        <generation value="html"/>
      </page>
      <page>
        <nameUrl value="swagger-appointment.html"/>
        <title value="OpenAPI Appointment"/>
        <generation value="html"/>
      </page>
      <page>
        <nameUrl value="searchparameters.html"/>
        <title value="Search Paramters"/>
        <generation value="markdown"/>
      </page>
    </page>
    <parameter>
      <code value="path-resource"/>
      <value value="input/capabilities"/>
    </parameter>
    <parameter>
      <code value="path-resource"/>
      <value value="input/examples"/>
    </parameter>
    <parameter>
      <code value="path-resource"/>
      <value value="input/extensions"/>
    </parameter>
    <parameter>
      <code value="path-resource"/>
      <value value="input/models"/>
    </parameter>
    <parameter>
      <code value="path-resource"/>
      <value value="input/operations"/>
    </parameter>
    <parameter>
      <code value="path-resource"/>
      <value value="input/profiles"/>
    </parameter>
    <parameter>
      <code value="path-resource"/>
      <value value="input/resources"/>
    </parameter>
    <parameter>
      <code value="path-resource"/>
      <value value="input/vocabulary"/>
    </parameter>
    <parameter>
      <code value="path-resource"/>
      <value value="input/maps"/>
    </parameter>
    <parameter>
      <code value="path-resource"/>
      <value value="input/testing"/>
    </parameter>
    <parameter>
      <code value="path-pages"/>
      <value value="template/config"/>
    </parameter>
    <parameter>
      <code value="path-pages"/>
      <value value="input/images"/>
    </parameter>
    <parameter>
      <code value="path-tx-cache"/>
      <value value="input-cache/txcache"/>
    </parameter>
  </definition>
</ImplementationGuide>