{
  "package": "careconnect.api.r4",
  "version": "4.0.0",
  "fhirVersion": "4.0.1",
  "jurisdiction": "826",
  "extensions": [],
  "profiles": {},
  "usage": {
    "http://example.org/fhir/uv/myig/StructureDefinition/ext-myExtension": [
      "Patient"
    ],
    "http://hl7.org/fhir/tools/StructureDefinition/ig-parameter": [
      "ImplementationGuide.definition"
    ],
    "http://hl7.org/fhir/tools/StructureDefinition/resource-information": [
      "ImplementationGuide.definition.resource"
    ]
  }
}